MesAno;Regiao;Consumo;PRECIPITACAO TOTAL, MENSAL (AUT)(mm);PRESSAO ATMOSFERICA, MEDIA MENSAL (AUT)(mB);TEMPERATURA MEDIA, MENSAL (AUT)(°C);VENTO, VELOCIDADE MEDIA MENSAL (AUT)(m/s);Recomendacao
2004-01;Centro-Oeste;506540,4;3508,2;949,6;24,15;2,1100000000000003;Solar fotovoltaica (padrão)
2004-01;Sul;1132506,0;369,0;986,15;24,0;2,675;Solar fotovoltaica (padrão)
2004-01;Nordeste;1098663,5;4113,0;985,75;25,84117647058824;2,875;Hidrelétrica / PCH
2004-01;Sudeste;3694385,5;2511,8;944,25;23,55;2,34;Solar fotovoltaica (padrão)
2004-01;Norte;348584,80000000005;771,4;1006,4;26,2;1,7999999999999998;Hidrelétrica / PCH
2004-02;Sul;1121970,5;261,4;999,2666666666668;23,025;2,3666666666666667;Solar fotovoltaica (padrão)
2004-02;Sudeste;3511541,2;1962,2;950,2;23,25555555555556;2,0;Solar fotovoltaica (padrão)
2004-02;Centro-Oeste;472102,6;2380,6;957,8;24,288888888888888;1,775;Solar fotovoltaica (padrão)
2004-02;Norte;323402,6;968,0;1007,55;25,1;1,4;Hidrelétrica / PCH
2004-02;Nordeste;1000320,3;2560,6;989,2611111111112;25,72222222222222;2,5444444444444443;Hidrelétrica / PCH
2004-03;Norte;320237,3;1080,8;1006,75;25,566666666666663;1,35;Hidrelétrica / PCH
2004-03;Sudeste;3629455,2;1198,6;945,2625;22,966666666666665;2,2;Solar fotovoltaica (padrão)
2004-03;Nordeste;1049437,2;3225,6;988,9;25,79;2,526315789473684;Hidrelétrica / PCH
2004-03;Sul;1108027,3;243,6;999,8;22,46666666666667;2,3666666666666667;Solar fotovoltaica (padrão)
2004-03;Centro-Oeste;493180,9;2091,0;952,52;24,7;1,92;Solar fotovoltaica (padrão)
2004-04;Norte;339774,80000000005;894,4;1005,8333333333334;26,066666666666663;1,3;Hidrelétrica / PCH
2004-04;Sudeste;3733863,0;961,0;947,811111111111;22,15;1,9;Solar fotovoltaica (padrão)
2004-04;Nordeste;1097250,6;2314,2;989,3;25,56;2,62;Hidrelétrica / PCH
2004-04;Centro-Oeste;506070,9;1261,4;953,2636363636364;24,40909090909091;1,818181818181818;Solar fotovoltaica (padrão)
2004-04;Sul;1132047,1;169,4;976,0;21,7;2,9;Solar fotovoltaica (padrão)
2004-05;Norte;332154,9;146,8;1005,8;26,4;2,2;Solar fotovoltaica (padrão)
2004-05;Centro-Oeste;492808,3;321,0;965,2555555555556;22,89;2,033333333333333;Solar fotovoltaica (padrão)
2004-05;Sudeste;3537268,7;375,8;946,62;20,56;1,81;Solar fotovoltaica (padrão)
2004-05;Sul;1082102,6;77,0;980,8;12,5;3,2;Solar fotovoltaica (padrão)
2004-05;Nordeste;1033006,9;1829,0;988,5;24,08888888888889;2,794117647058824;Hidrelétrica / PCH
2004-06;Sudeste;3433442,5;181,8;946,8888888888888;18,922222222222224;2,2;Solar fotovoltaica (padrão)
2004-06;Sul;1056850,2;82,2;1004,6;15,533333333333331;2,1;Solar fotovoltaica (padrão)
2004-06;Centro-Oeste;466358,8;26,6;957,1090909090908;21,9;1,8818181818181816;Solar fotovoltaica (padrão)
2004-06;Nordeste;1002350,8;2087,4;989,9875;22,59375;2,94375;Hidrelétrica / PCH
2004-06;Norte;332089,3;182,8;1007,3;26,05;1,6;Solar fotovoltaica (padrão)
2004-07;Sudeste;3457622,9;388,4;937,4;17,8125;2,525;Solar fotovoltaica (padrão)
2004-07;Nordeste;969181,3;1930,4;990,4470588235292;22,011764705882356;3,33125;Hidrelétrica / PCH
2004-07;Sul;1066704,8;149,2;1005,6666666666666;13,566666666666668;2,433333333333333;Solar fotovoltaica (padrão)
2004-07;Centro-Oeste;470539,0;192,6;955,7615384615384;22,12307692307693;2,1153846153846154;Solar fotovoltaica (padrão)
2004-07;Norte;328423,0;267,2;1006,15;25,9;1,55;Hidrelétrica / PCH
2004-08;Nordeste;962934,3;999,0;992,5055555555556;22,905555555555555;3,5588235294117645;Hidrelétrica / PCH
2004-08;Sul;1070192,3;86,8;997,9;14,4;2,15;Solar fotovoltaica (padrão)
2004-08;Norte;338836,3;148,6;1007,0;26,45;1,75;Solar fotovoltaica (padrão)
2004-08;Sudeste;3453322,4;21,6;937,5625;20,285714285714285;2,4125;Solar fotovoltaica (padrão)
2004-08;Centro-Oeste;479191,7;83,39999999999999;961,2833333333332;24,17692307692308;1,9166666666666667;Solar fotovoltaica
2004-09;Norte;351459,30000000005;55,6;1005,05;26,53333333333333;2,0;Solar fotovoltaica
2004-09;Sudeste;3596160,2;30,2;935,225;23,285714285714285;2,8625;Solar fotovoltaica
2004-09;Nordeste;1041242,5;675,8;992,515;24,43;3,9368421052631577;Hidrelétrica / PCH
2004-09;Sul;1100557,3;67,2;994,55;17,35;3,05;Solar fotovoltaica (padrão)
2004-09;Centro-Oeste;514970,9;361,4;958,7916666666666;26,675;1,9916666666666665;Solar fotovoltaica (padrão)
2004-10;Centro-Oeste;529450,1;1399,4;950,45;26,10909090909091;1,9666666666666668;Solar fotovoltaica (padrão)
2004-10;Norte;353206,6;76,0;1003,9;27,1;2,05;Solar fotovoltaica
2004-10;Sudeste;3608129,9;554,6;932,825;22,885714285714283;2,9125;Solar fotovoltaica (padrão)
2004-10;Sul;1069478,3;199,0;992,95;17,6;2,45;Solar fotovoltaica (padrão)
2004-10;Nordeste;1046248,8;773,4;990,205;25,415;4,121052631578947;Hidrelétrica / PCH
2004-11;Nordeste;1083211,6;1388,0;988,0473684210529;26,0;3,85;Hidrelétrica / PCH
2004-11;Sudeste;3608514,9;245,8;958,8375;23,266666666666666;2,5625;Solar fotovoltaica (padrão)
2004-11;Centro-Oeste;505694,4;1162,0;953,29;25,41;1,89;Solar fotovoltaica (padrão)
2004-11;Sul;1071489,9;268,4;990,9;19,6;2,35;Solar fotovoltaica (padrão)
2004-11;Norte;362279,3;7,2;1004,1;27,3;3,0;Solar fotovoltaica
2004-12;Centro-Oeste;513252,4;1976,8;953,1833333333334;25,181818181818183;1,75;Solar fotovoltaica (padrão)
2004-12;Sul;1100567,1;105,4;991,15;22,4;2,8;Solar fotovoltaica (padrão)
2004-12;Norte;355893,7;54,4;1004,3;26,75;2,5;Solar fotovoltaica
2004-12;Sudeste;3569437,9;1436,2;956,4777777777776;24,008333333333336;1,95;Solar fotovoltaica (padrão)
2004-12;Nordeste;1104220,2;468,2000000000001;990,2111111111112;26,6;3,235294117647059;Hidrelétrica / PCH
2005-01;Centro-Oeste;526993,9;2272,0;952,325;24,9;1,7916666666666667;Solar fotovoltaica (padrão)
2005-01;Sul;1194715,8;253,4;984,5;25,766666666666666;2,2333333333333334;Solar fotovoltaica (padrão)
2005-01;Sudeste;3873894,3;3997,4;949,6416666666668;23,892857142857142;1,8583333333333332;Solar fotovoltaica (padrão)
2005-01;Nordeste;1166974,2;912,4;985,865;26,88571428571429;3,0157894736842104;Hidrelétrica / PCH
2005-01;Norte;355959,6;657,0;1005,7;26,6;1,65;Hidrelétrica / PCH
2005-02;Centro-Oeste;511087,2;762,0;954,28;25,30909090909091;1,77;Solar fotovoltaica (padrão)
2005-02;Sudeste;3616966,9;979,4;947,8076923076924;23,586666666666662;1,8692307692307693;Solar fotovoltaica (padrão)
2005-02;Nordeste;1132479,4;828,4;986,768181818182;26,63809523809524;2,9857142857142858;Hidrelétrica / PCH
2005-02;Norte;336135,2;0,0;1005,65;26,1;1,45;Solar fotovoltaica
2005-02;Sul;1161664,3;290,8;986,6666666666666;24,7;2,333333333333333;Solar fotovoltaica (padrão)
2005-03;Centro-Oeste;520203,2;1979,2;956,3;24,816666666666663;1,6272727272727272;Solar fotovoltaica (padrão)
2005-03;Nordeste;1137173,9;2716,6;987,4043478260868;26,39565217391305;2,4909090909090907;Hidrelétrica / PCH
2005-03;Sul;1155063,5;402,8;987,7666666666668;23,666666666666668;2,3000000000000003;Solar fotovoltaica (padrão)
2005-03;Norte;341724,5;789,4000000000001;1007,3;26,0;1,4;Hidrelétrica / PCH
2005-03;Sudeste;3711050,5;1977,6;948,323076923077;23,773333333333333;1,8615384615384616;Solar fotovoltaica (padrão)
2005-04;Sudeste;3923735,0;879,4;953,5333333333332;23,25714285714286;1,7;Solar fotovoltaica (padrão)
2005-04;Norte;350369,2;356,79999999999995;1006,95;25,9;1,3;Hidrelétrica / PCH
2005-04;Sul;1180033,9;179,0;978,6;27,1;1,7;Solar fotovoltaica (padrão)
2005-04;Centro-Oeste;531746,5;464,4;955,6;24,966666666666665;1,7999999999999998;Solar fotovoltaica (padrão)
2005-04;Nordeste;1145853,6;2258,8;988,13;25,282608695652176;2,5105263157894737;Hidrelétrica / PCH
2005-05;Sul;1099102,0;46,2;995,35;20,33333333333333;1,5;Solar fotovoltaica (padrão)
2005-05;Centro-Oeste;505927,3;51,2;952,311111111111;23,7;1,9666666666666663;Solar fotovoltaica
2005-05;Sudeste;3655561,3;831,6;951,3846153846154;20,67142857142857;1,8692307692307693;Solar fotovoltaica (padrão)
2005-05;Nordeste;1118875,8;1763,4;983,8190476190476;24,588461538461537;2,9571428571428573;Hidrelétrica / PCH
2005-05;Norte;338681,0;0,0;1005,4;25,9;1,8;Solar fotovoltaica
2005-06;Sul;1124218,9;137,4;977,16;20,08;2,25;Solar fotovoltaica (padrão)
2005-06;Centro-Oeste;517429,1;100,8;953,6111111111112;22,75555555555556;1,9888888888888887;Solar fotovoltaica (padrão)
2005-06;Sudeste;3710837,3;561,0;954,7583333333332;19,6;1,7666666666666666;Solar fotovoltaica (padrão)
2005-06;Nordeste;1071456,8;3193,2;991,0666666666668;23,69090909090909;2,884210526315789;Hidrelétrica / PCH
2005-06;Norte;352715,7;142,8;1006,3;26,3;2,1;Solar fotovoltaica (padrão)
2005-07;Norte;356661,3;179,4;1006,95;27,25;1,65;Solar fotovoltaica (padrão)
2005-07;Sudeste;3626333,3;458,4;955,5692307692308;18,546666666666667;1,984615384615385;Solar fotovoltaica (padrão)
2005-07;Nordeste;1047171,8;768,8;980,6133333333332;21,55625;3,033333333333333;Hidrelétrica / PCH
2005-07;Centro-Oeste;501666,5;19,8;955,4333333333332;22,4;2,1888888888888887;Solar fotovoltaica
2005-07;Sul;1112987,6;357,4;979,75;16,183333333333334;2,56;Solar fotovoltaica (padrão)
2005-08;Nordeste;1071288,7;1072,2;983,3066666666668;23,927777777777777;3,546666666666667;Hidrelétrica / PCH
2005-08;Sudeste;3635143,4;139,6;950,4642857142856;20,986666666666668;2,1357142857142857;Solar fotovoltaica (padrão)
2005-08;Centro-Oeste;507765,4;157,0;954,8333333333334;24,508333333333336;2,091666666666667;Solar fotovoltaica (padrão)
2005-08;Norte;360832,6;83,80000000000001;1005,75;27,950000000000003;1,9;Solar fotovoltaica
2005-08;Sul;1129754,0;240,6;977,05;18,4;3,16;Solar fotovoltaica (padrão)
2005-09;Norte;381555,0;47,8;1006,7000000000002;27,866666666666664;2,0;Solar fotovoltaica
2005-09;Nordeste;1077986,3;148,2;985,9782608695652;24,928571428571427;3,2;Solar fotovoltaica (padrão)
2005-09;Sul;1130082,2;79,6;977,8833333333332;17,183333333333334;2,78;Solar fotovoltaica (padrão)
2005-09;Sudeste;3819948,1;303,79999999999995;944,1538461538462;21,185714285714287;2,4;Solar fotovoltaica (padrão)
2005-09;Centro-Oeste;539782,9;408,0;954,0214285714284;24,37142857142857;2,4714285714285715;Solar fotovoltaica (padrão)
2005-10;Sul;1112763,3;251,6;974,4;20,166666666666668;2,76;Solar fotovoltaica (padrão)
2005-10;Norte;372756,5;278,6;1005,5;28,0;1,9333333333333331;Hidrelétrica / PCH
2005-10;Sudeste;3773673,1;399,0;941,6076923076924;24,35333333333333;2,1307692307692307;Solar fotovoltaica (padrão)
2005-10;Centro-Oeste;546683,4;412,8;956,9230769230768;26,684615384615384;1,9538461538461536;Solar fotovoltaica (padrão)
2005-10;Nordeste;1112111,1;500,80000000000007;983,4846153846154;25,776;3,1958333333333333;Hidrelétrica / PCH
2005-11;Sul;1116744,9;278,8;987,75;21,26;3,05;Solar fotovoltaica (padrão)
2005-11;Centro-Oeste;550947,7999999999;943,2;945,5625;24,827272727272728;1,875;Solar fotovoltaica (padrão)
2005-11;Nordeste;1149668,2;1028,6;986,05;25,621052631578948;3,2;Hidrelétrica / PCH
2005-11;Sudeste;3774517,7;0,0;937,6111111111112;22,08333333333333;1,9125;Solar fotovoltaica
2005-11;Norte;384562,1;0,0;1004,0;27,8;1,9;Solar fotovoltaica
2005-12;Norte;360952,9;754,8;1004,65;26,85;1,1;Hidrelétrica / PCH
2005-12;Sudeste;3869508,3;2209,0;939,6692307692308;22,6;1,9416666666666669;Solar fotovoltaica (padrão)
2005-12;Centro-Oeste;528775,1;3292,4;950,3928571428572;24,40714285714285;1,9214285714285717;Solar fotovoltaica (padrão)
2005-12;Nordeste;1161649,1;2202,2;976,5368421052632;25,55;2,55;Hidrelétrica / PCH
2005-12;Sul;1156844,2;723,4;985,0;23,14;2,7;Solar fotovoltaica (padrão)
2006-01;Centro-Oeste;527223,7;1783,4;949,8230769230768;25,142857142857142;1,907692307692308;Solar fotovoltaica (padrão)
2006-01;Norte;352085,9;0,0;1004,95;27,5;1,1;Solar fotovoltaica
2006-01;Sudeste;3895001,6;1949,4;940,823076923077;24,1;1,7846153846153845;Solar fotovoltaica (padrão)
2006-01;Sul;1217744,5;695,2;985,04;25,26;2,44;Solar fotovoltaica (padrão)
2006-01;Nordeste;1175576,2;1072,4;977,565;25,92;2,911111111111111;Hidrelétrica / PCH
2006-02;Sul;1237780,7;0,0;984,08;24,42;2,24;Solar fotovoltaica
2006-02;Sudeste;3891194,9;0,0;933,5083333333332;24,5;1,75;Solar fotovoltaica
2006-02;Nordeste;1126753,5;0,0;976,1863636363636;26,24761904761905;2,43;Solar fotovoltaica
2006-02;Norte;343002,3;0,0;1005,6;27,700000000000003;1,15;Solar fotovoltaica
2006-02;Centro-Oeste;533084,2;0,0;949,6615384615384;24,72307692307692;1,676923076923077;Solar fotovoltaica
2006-03;Sudeste;4121516,5;2327,4;941,3785714285714;23,571428571428573;1,4;Solar fotovoltaica (padrão)
2006-03;Norte;344412,8;614,5999999999999;1004,55;26,4;1,5;Hidrelétrica / PCH
2006-03;Sul;1206397,2;720,1999999999999;985,44;23,45;2,28;Solar fotovoltaica (padrão)
2006-03;Nordeste;1204843,1;3181,4;974,757142857143;25,517391304347825;2,0789473684210527;Hidrelétrica / PCH
2006-03;Centro-Oeste;531347,1;2768,6;950,1307692307691;24,66923076923077;1,6307692307692307;Solar fotovoltaica (padrão)
2006-04;Nordeste;1183946,0;0,0;975,45;24,7;2,1842105263157894;Solar fotovoltaica
2006-04;Norte;348151,7;0,0;1003,9;26,35;1,25;Solar fotovoltaica
2006-04;Sudeste;3957603,7;0,0;939,6083333333332;22,00714285714286;1,3545454545454545;Solar fotovoltaica
2006-04;Sul;1184330,6;0,0;974,2333333333332;20,516666666666666;1,9666666666666668;Solar fotovoltaica (padrão)
2006-04;Centro-Oeste;555793,7999999999;0,0;949,2333333333332;24,03333333333333;1,7166666666666668;Solar fotovoltaica
2006-05;Sudeste;3811707,8;0,0;1015,3;19,264285714285712;0,9;Solar fotovoltaica (padrão)
2006-05;Nordeste;1153080,4;0,0;932,0;23,32631578947368;;Solar fotovoltaica
2006-05;Norte;345137,5;0,0;;26,05;;Solar fotovoltaica
2006-05;Sul;1096409,5;0,0;;17,333333333333332;;Solar fotovoltaica (padrão)
2006-05;Centro-Oeste;527020,4;0,0;911,45;21,84166666666667;;Solar fotovoltaica (padrão)
2006-06;Centro-Oeste;514691,7;124,6;953,1083333333332;22,1;2,1166666666666667;Solar fotovoltaica (padrão)
2006-06;Nordeste;1120204,1;2672,8;981,9476190476192;22,247619047619047;2,75625;Hidrelétrica / PCH
2006-06;Norte;355133,19999999995;210,6;1006,2;26,9;1,4;Hidrelétrica / PCH
2006-06;Sul;1145519,9;462,6;984,2428571428572;17,1;2,557142857142857;Solar fotovoltaica (padrão)
2006-06;Sudeste;3828065,9;302,4;952,825;18,68235294117647;1,81875;Solar fotovoltaica (padrão)
2006-07;Centro-Oeste;511993,0;132,2;953,1666666666666;22,566666666666663;2,075;Solar fotovoltaica (padrão)
2006-07;Nordeste;1104726,1;1152,0;984,508695652174;22,78695652173913;2,716666666666667;Hidrelétrica / PCH
2006-07;Norte;369331,7;188,8;1007,8666666666668;27,066666666666663;1,3333333333333333;Solar fotovoltaica (padrão)
2006-07;Sudeste;3768572,2;348,0;950,1058823529412;19,242857142857144;1,6764705882352942;Solar fotovoltaica (padrão)
2006-07;Sul;1138292,5;550,4;982,0857142857144;17,44;2,3000000000000003;Solar fotovoltaica (padrão)
2006-08;Nordeste;1108110,0;932,2;978,056;23,072;2,79;Hidrelétrica / PCH
2006-08;Sul;1150879,7;379,2;966,7555555555556;16,688888888888886;2,322222222222222;Solar fotovoltaica (padrão)
2006-08;Sudeste;3774739,4;485,0;948,212;20,678571428571427;2,1166666666666667;Solar fotovoltaica (padrão)
2006-08;Norte;372153,6;330,0;1007,0666666666666;27,53333333333333;1,5666666666666669;Hidrelétrica / PCH
2006-08;Centro-Oeste;534089,0;193,0;945,1444444444444;24,12;2,2444444444444445;Solar fotovoltaica (padrão)
2006-09;Nordeste;1137729,3;1295,2;977,7;23,846153846153847;3,005263157894737;Hidrelétrica / PCH
2006-09;Sudeste;3888549,5;2749,6;946,9722222222222;20,63684210526316;2,5166666666666666;Solar fotovoltaica (padrão)
2006-09;Sul;1140225,4;1395,8;971,63;17,04;2,51;Solar fotovoltaica (padrão)
2006-09;Norte;397911,7;185,8;1006,8;27,933333333333334;1,7666666666666666;Solar fotovoltaica (padrão)
2006-09;Centro-Oeste;563954,6;487,2000000000001;946,39;24,684615384615384;2,4222222222222225;Solar fotovoltaica (padrão)
2006-10;Sudeste;3901043,1;5343,8;949,693023255814;22,05434782608696;2,4953488372093022;Solar fotovoltaica (padrão)
2006-10;Sul;1130931,6;1370,4;974,6833333333334;20,616666666666667;2,6416666666666666;Solar fotovoltaica (padrão)
2006-10;Norte;397548,6;226,2;1004,9;28,4;1,8666666666666665;Hidrelétrica / PCH
2006-10;Nordeste;1189699,5;1796,4;973,0807692307692;24,97037037037037;2,9428571428571426;Hidrelétrica / PCH
2006-10;Centro-Oeste;563013,1;2729,8;950,4785714285716;24,764285714285712;1,8357142857142856;Solar fotovoltaica (padrão)
2006-11;Nordeste;1252975,5;2125,8;975,716;25,16923076923077;2,785;Hidrelétrica / PCH
2006-11;Norte;402093,2;703,2;1004,5;27,23333333333333;1,5666666666666669;Hidrelétrica / PCH
2006-11;Centro-Oeste;582829,6;2957,0;959,0565217391304;25,316666666666663;1,9130434782608696;Solar fotovoltaica (padrão)
2006-11;Sul;1203159,6;2328,6;972,8384615384616;21,226666666666667;2,723076923076923;Solar fotovoltaica (padrão)
2006-11;Sudeste;3997650,5;10211,2;951,574;22,50980392156863;2,546;Solar fotovoltaica (padrão)
2006-12;Norte;380070,6;876,2;999,775;26,9;1,475;Hidrelétrica / PCH
2006-12;Centro-Oeste;556938,9;6676,8;959,162962962963;25,00714285714286;1,7884615384615383;Solar fotovoltaica (padrão)
2006-12;Nordeste;1218118,2;1511,4;974,0869565217392;25,992;2,731578947368421;Hidrelétrica / PCH
2006-12;Sul;1195034,2;2468,4;956,0454545454544;23,75909090909091;2,663636363636364;Solar fotovoltaica (padrão)
2006-12;Sudeste;4016722,8;12249,8;947,5555555555557;23,18947368421053;2,375471698113208;Solar fotovoltaica (padrão)
2007-01;Centro-Oeste;562552,0;8003,0;958,178125;25,08125;1,81875;Solar fotovoltaica (padrão)
2007-01;Nordeste;1259580,0;2292,8;977,356;26,476923076923075;2,92;Hidrelétrica / PCH
2007-01;Sul;1327669,0;4390,2;954,9416666666666;23,35833333333333;2,529166666666667;Solar fotovoltaica (padrão)
2007-01;Sudeste;4183534,0;15324,0;948,0722222222222;23,40363636363637;2,169811320754717;Solar fotovoltaica (padrão)
2007-01;Norte;377018,0;1128,8;999,475;26,8;1,4;Hidrelétrica / PCH
2007-02;Nordeste;1208193,0;3294,6;974,8818181818184;25,485185185185188;2,431578947368421;Hidrelétrica / PCH
2007-02;Sudeste;4000465,0;7841,8;948,7789473684212;23,72203389830508;2,1928571428571426;Solar fotovoltaica (padrão)
2007-02;Centro-Oeste;550066,0;7003,8;958,2151515151514;24,803125;1,8212121212121213;Solar fotovoltaica (padrão)
2007-02;Norte;364503,0;2205,0;993,7428571428572;25,557142857142857;1,3285714285714287;Hidrelétrica / PCH
2007-02;Sul;1269714,0;4035,6;957,2227272727272;23,3;2,590909090909091;Solar fotovoltaica (padrão)
2007-03;Norte;352883,0;1722,6;993,1714285714286;25,942857142857143;1,0857142857142856;Hidrelétrica / PCH
2007-03;Centro-Oeste;552290,0;3387,4;958,990625;25,48125;1,628125;Solar fotovoltaica (padrão)
2007-03;Sudeste;4219240,0;4329,6;951,5178571428572;24,433898305084742;1,9722222222222223;Solar fotovoltaica (padrão)
2007-03;Nordeste;1194430,0;2580,4;974,753846153846;25,335714285714285;2,382608695652174;Hidrelétrica / PCH
2007-03;Sul;1275474,0;4143,4;956,0;23,412;2,1958333333333333;Solar fotovoltaica (padrão)
2007-04;Sudeste;4223592,0;4810,4;952,4789473684212;22,922807017543857;1,9363636363636365;Solar fotovoltaica (padrão)
2007-04;Norte;371967,0;1386,6;994,3833333333332;26,057142857142857;1,05;Hidrelétrica / PCH
2007-04;Centro-Oeste;596991,0;2428,2;959,375;25,015625;1,615625;Solar fotovoltaica (padrão)
2007-04;Sul;1291818,0;3194,8;959,7925925925928;21,159259259259255;2,311111111111111;Solar fotovoltaica (padrão)
2007-04;Nordeste;1244458,0;2622,0;975,6615384615384;24,907692307692308;2,3041666666666667;Hidrelétrica / PCH
2007-05;Centro-Oeste;553266,0;1162,2;958,8;21,993548387096773;1,8866666666666667;Solar fotovoltaica (padrão)
2007-05;Nordeste;1218867,0;1127,6;972,3434782608696;23,448;2,4761904761904763;Hidrelétrica / PCH
2007-05;Sul;1243434,0;3627,2;960,92;15,7;2,496;Solar fotovoltaica (padrão)
2007-05;Sudeste;4104316,0;2320,2;954,4982142857144;19,633333333333333;2,018867924528302;Solar fotovoltaica (padrão)
2007-05;Norte;371605,0;800,8000000000001;994,5;25,714285714285715;1,15;Hidrelétrica / PCH
2007-06;Sul;1193009,0;903,0;960,084;16,146153846153847;2,38;Solar fotovoltaica (padrão)
2007-06;Norte;381288,0;326,40000000000003;999,0571428571428;25,042857142857144;1,1857142857142855;Hidrelétrica / PCH
2007-06;Centro-Oeste;536836,0;48,2;955,8944444444444;22,01944444444445;1,7722222222222224;Solar fotovoltaica
2007-06;Sudeste;3887323,0;944,6;953,1264705882352;19,120895522388057;1,7692307692307692;Solar fotovoltaica (padrão)
2007-06;Nordeste;1205705,0;2333,4;976,7805555555556;22,774285714285718;2,521875;Hidrelétrica / PCH
2007-07;Centro-Oeste;533647,0;761,6;956,2945945945946;21,610256410256408;2,0486486486486486;Solar fotovoltaica (padrão)
2007-07;Norte;374013,0;282,8;985,2285714285716;24,5625;1,457142857142857;Hidrelétrica / PCH
2007-07;Sul;1172657,0;3292,8;958,5866666666666;13,466666666666669;2,693103448275862;Solar fotovoltaica (padrão)
2007-07;Sudeste;3813598,0;3781,8;954,316883116883;18,86125;2,121621621621621;Solar fotovoltaica (padrão)
2007-07;Nordeste;1177362,0;1534,6;974,4861111111112;22,807142857142857;2,605882352941176;Hidrelétrica / PCH
2007-08;Nordeste;1185584,0;1770,8;978,5255319148936;23,17391304347826;3,0818181818181816;Hidrelétrica / PCH
2007-08;Sul;1249110,0;1714,6;960,2533333333332;15,403125;2,946428571428572;Solar fotovoltaica (padrão)
2007-08;Norte;392888,0;216,6;987,1125;25,15;1,8375;Hidrelétrica / PCH
2007-08;Centro-Oeste;537771,0;190,6;955,939024390244;22,83;2,3125;Solar fotovoltaica (padrão)
2007-08;Sudeste;3979163,0;594,8;954,810975609756;19,957831325301203;2,4253164556962026;Solar fotovoltaica (padrão)
2007-09;Sul;1238276,0;3066,8;961,45625;19,734375;3,129032258064516;Solar fotovoltaica (padrão)
2007-09;Nordeste;1164758,0;1299,0;977,6358490566038;24,646153846153844;3,474;Hidrelétrica / PCH
2007-09;Centro-Oeste;579422,0;334,6;954,7575;26,2375;2,3;Solar fotovoltaica (padrão)
2007-09;Sudeste;4058552,0;1414,6;953,5344827586208;22,13736263736264;2,737349397590361;Solar fotovoltaica (padrão)
2007-09;Norte;408304,0;217,4;983,1875;26,62222222222222;1,85;Hidrelétrica / PCH
2007-10;Sudeste;4053969,0;6278,4;948,2897727272727;23,67640449438202;2,5795180722891566;Solar fotovoltaica (padrão)
2007-10;Nordeste;1226991,0;936,2;974,3490196078432;25,77358490566038;3,446;Hidrelétrica / PCH
2007-10;Sul;1216932,0;4006,8;957,803125;20,70625;3,0806451612903225;Solar fotovoltaica (padrão)
2007-10;Centro-Oeste;604146,0;3692,0;954,3976744186048;26,235714285714288;2,0604651162790697;Solar fotovoltaica (padrão)
2007-10;Norte;409738,0;618,8;981,0;27,2375;1,7375;Hidrelétrica / PCH
2007-11;Centro-Oeste;591274,0;5081,6;950,9714285714286;25,034146341463416;2,1069767441860465;Solar fotovoltaica (padrão)
2007-11;Nordeste;1286044,0;1218,2;971,832;26,19272727272727;3,298;Hidrelétrica / PCH
2007-11;Sudeste;4229638,0;3637,0;946,5223529411765;23,25824175824176;2,519753086419753;Solar fotovoltaica (padrão)
2007-11;Sul;1238824,0;0,0;955,6242424242424;20,42121212121212;2,778125;Solar fotovoltaica (padrão)
2007-11;Norte;422501,0;756,2;982,1444444444444;26,577777777777776;1,677777777777778;Hidrelétrica / PCH
2007-12;Nordeste;1305312,0;3349,0;971,701818181818;26,06315789473684;2,8851851851851853;Hidrelétrica / PCH
2007-12;Sul;1218277,0;4385,2;954,539393939394;22,908571428571427;2,6484848484848484;Solar fotovoltaica (padrão)
2007-12;Sudeste;4116989,0;14489,2;947,266304347826;23,80652173913043;2,1804597701149424;Solar fotovoltaica (padrão)
2007-12;Norte;405279,0;1684,2;986,2454545454548;26,072727272727278;1,481818181818182;Hidrelétrica / PCH
2007-12;Centro-Oeste;572267,0;7925,2;952,2837209302324;24,67727272727273;1,8;Solar fotovoltaica (padrão)
2008-01;Sudeste;4412691,0;19360,6;946,5910112359552;23,04831460674157;2,1928571428571426;Solar fotovoltaica (padrão)
2008-01;Norte;396323,0;2678,2;986,9;25,416666666666668;1,2727272727272727;Hidrelétrica / PCH
2008-01;Centro-Oeste;583757,0;12352,6;949,32;24,09777777777778;1,8130434782608695;Solar fotovoltaica (padrão)
2008-01;Sul;1380788,0;5017,8;956,5428571428572;22,677142857142854;2,9057142857142857;Solar fotovoltaica (padrão)
2008-01;Nordeste;1360681,7;4364,2;972,9388888888888;25,86785714285714;2,792452830188679;Hidrelétrica / PCH
2008-02;Centro-Oeste;580367,0;11118,0;950,308;24,03469387755102;1,66;Solar fotovoltaica (padrão)
2008-02;Sul;1324724,0;5078,2;956,72;22,68285714285714;2,497142857142857;Solar fotovoltaica (padrão)
2008-02;Sudeste;4340742,0;14620,8;947,7411111111112;23,54;1,8564705882352943;Solar fotovoltaica (padrão)
2008-02;Nordeste;1332020,0;5495,0;974,78;25,759322033898304;2,4314814814814816;Hidrelétrica / PCH
2008-02;Norte;380864,0;3027,0;987,9727272727272;25,225;1,23;Hidrelétrica / PCH
2008-03;Sul;1276707,0;3629,2;960,9666666666666;21,99148936170213;2,4615384615384617;Solar fotovoltaica (padrão)
2008-03;Norte;374421,0;4094,4;988,2615384615384;24,764285714285712;1,075;Hidrelétrica / PCH
2008-03;Sudeste;4179036,0;14956,0;948,7315217391304;23,0;1,8741573033707863;Solar fotovoltaica (padrão)
2008-03;Nordeste;1306497,9;13976,8;972,7642857142856;24,75555555555556;1,844927536231884;Hidrelétrica / PCH
2008-03;Centro-Oeste;556939,0;9547,8;950,0346938775508;23,968627450980392;1,55;Solar fotovoltaica (padrão)
2008-04;Nordeste;1299819,1;11698,8;971,6415584415583;24,460256410256413;1,7684210526315791;Hidrelétrica / PCH
2008-04;Centro-Oeste;578792,0;6870,6;950,9981132075472;23,7375;1,512962962962963;Solar fotovoltaica (padrão)
2008-04;Norte;386480,0;4493,8;990,6466666666668;25,44285714285714;1,0785714285714287;Hidrelétrica / PCH
2008-04;Sul;1264139,0;7303,6;959,945652173913;19,00408163265306;2,158695652173913;Solar fotovoltaica (padrão)
2008-04;Sudeste;4225451,0;10563,2;947,9451612903224;22,47553191489361;1,652222222222222;Solar fotovoltaica (padrão)
2008-05;Sudeste;4386332,0;3381,4;951,0768421052632;19,48247422680412;1,6913978494623658;Solar fotovoltaica (padrão)
2008-05;Norte;399647,0;7335,4;996,9741935483872;25,448387096774194;1,1241379310344828;Hidrelétrica / PCH
2008-05;Centro-Oeste;576659,0;1409,2;955,261403508772;21,98245614035088;1,627586206896552;Solar fotovoltaica (padrão)
2008-05;Nordeste;1316167,7;8288,2;972,9886363636364;23,542391304347827;2,026744186046512;Hidrelétrica / PCH
2008-05;Sul;1255075,0;3639,0;955,6653846153846;15,71764705882353;2,3596153846153847;Solar fotovoltaica (padrão)
2008-06;Centro-Oeste;568337,0;228,2;957,345;21,229508196721312;1,681967213114754;Solar fotovoltaica (padrão)
2008-06;Sul;1252972,0;5372,4;957,4307692307692;13,590909090909092;2,408;Solar fotovoltaica (padrão)
2008-06;Nordeste;1246959,4;5509,8;974,9010416666666;22,56122448979592;2,338297872340425;Hidrelétrica / PCH
2008-06;Sudeste;4153532,0;2218,2;951,7525773195875;19,108080808080807;1,8354166666666665;Solar fotovoltaica (padrão)
2008-06;Norte;399430,0;3271,8;998,2206896551724;25,45625;1,1642857142857144;Hidrelétrica / PCH
2008-07;Centro-Oeste;546183,0;181,0;959,191935483871;22,155;1,9015873015873013;Solar fotovoltaica (padrão)
2008-07;Sul;1258858,0;2134,2000000000003;956,6163636363636;16,705454545454547;2,611111111111111;Solar fotovoltaica (padrão)
2008-07;Nordeste;1256700,2;5238,6;978,1626262626264;22,434285714285718;2,605102040816327;Hidrelétrica / PCH
2008-07;Sudeste;4186405,0;752,4;954,6297029702972;18,40990099009901;1,888;Solar fotovoltaica (padrão)
2008-07;Norte;405359,0;1815,4;1000,339393939394;25,96;1,334375;Hidrelétrica / PCH
2008-08;Nordeste;1266490,6;4410,8;977,7351851851852;23,63738317757009;2,6766355140186917;Hidrelétrica / PCH
2008-08;Sudeste;4292183,0;3551,8;952,3316326530612;20,674;2,257142857142857;Solar fotovoltaica (padrão)
2008-08;Centro-Oeste;591435,0;1299,4;954,8245614035088;24,394915254237286;2,075862068965517;Solar fotovoltaica (padrão)
2008-08;Sul;1296088,0;5604,4;954,3072727272728;16,57090909090909;2,932727272727273;Solar fotovoltaica (padrão)
2008-08;Norte;434435,0;1590,2;996,229268292683;27,01666666666667;1,4282051282051282;Hidrelétrica / PCH
2008-09;Centro-Oeste;618394,0;1807,8;956,4649122807018;24,801666666666662;2,2293103448275864;Solar fotovoltaica (padrão)
2008-09;Sudeste;4208021,0;5232,2;953,7059405940596;20,95686274509804;2,4485148514851485;Solar fotovoltaica (padrão)
2008-09;Sul;1258612,0;5432,6;956,3910714285714;15,786206896551723;3,1660714285714286;Solar fotovoltaica (padrão)
2008-09;Norte;455038,0;3247,8;992,7520833333332;27,09;1,629787234042553;Hidrelétrica / PCH
2008-09;Nordeste;1275642,9;2672,0;978,1638888888888;25,10265486725664;2,9663551401869155;Hidrelétrica / PCH
2008-10;Sudeste;4413750,0;7834,8;952,0292929292928;23,41747572815534;2,5494845360824745;Solar fotovoltaica (padrão)
2008-10;Norte;453242,0;4012,4;992,778431372549;27,154901960784315;1,662;Hidrelétrica / PCH
2008-10;Nordeste;1358839,8;3154,2;978,0387931034484;26,284166666666668;3,1904347826086954;Hidrelétrica / PCH
2008-10;Centro-Oeste;625417,0;5935,8;954,2179104477613;25,94393939393939;2,1611940298507464;Solar fotovoltaica (padrão)
2008-10;Sul;1268536,0;13561,0;954,843396226415;19,17454545454545;3,183018867924528;Solar fotovoltaica (padrão)
2008-11;Sul;1306813,0;8677,4;953,0206896551724;20,612280701754383;3,112068965517241;Solar fotovoltaica (padrão)
2008-11;Sudeste;4456627,0;20209,0;950,309090909091;22,662745098039213;2,278350515463917;Solar fotovoltaica (padrão)
2008-11;Norte;452781,0;6706,4;991,15;26,64130434782609;1,537777777777778;Hidrelétrica / PCH
2008-11;Nordeste;1361440,1;6571,2;973,6145454545456;26,441284403669723;2,9898148148148147;Hidrelétrica / PCH
2008-11;Centro-Oeste;660058,0;11498,0;953,1848484848484;25,070149253731344;1,7772727272727271;Solar fotovoltaica (padrão)
2008-12;Sudeste;4222422,0;24103,6;949,3020408163266;22,85392156862745;2,1;Solar fotovoltaica (padrão)
2008-12;Nordeste;1398059,3;10924,8;974,2526785714286;26,039473684210527;2,658035714285714;Hidrelétrica / PCH
2008-12;Sul;1280988,0;5463,6;951,0245614035088;21,89122807017544;2,794736842105263;Solar fotovoltaica (padrão)
2008-12;Centro-Oeste;609814,0;13116,6;951,8969230769231;24,666666666666668;1,746875;Solar fotovoltaica (padrão)
2008-12;Norte;431406,0;10197,6;991,7377777777778;25,92888888888889;1,434090909090909;Hidrelétrica / PCH
2009-01;Sul;1419724,0;10814,8;952,825;21,80892857142857;2,835714285714286;Solar fotovoltaica (padrão)
2009-01;Centro-Oeste;650865,0;12500,2;952,9;24,61692307692308;1,689230769230769;Solar fotovoltaica (padrão)
2009-01;Nordeste;1447974,0;12539,6;976,3274336283184;26,03805309734513;2,5535714285714284;Hidrelétrica / PCH
2009-01;Norte;437714,0;11400,0;992,732608695652;25,717391304347824;1,3688888888888888;Hidrelétrica / PCH
2009-01;Sudeste;4648272,0;25222,6;950,240625;23,45051546391752;2,088297872340425;Solar fotovoltaica (padrão)
2009-02;Sul;1354039,0;8692,8;953,1672413793104;22,88360655737705;2,4192982456140357;Solar fotovoltaica (padrão)
2009-02;Centro-Oeste;601070,0;11065,0;953,8063492063492;24,708064516129035;1,595081967213115;Solar fotovoltaica (padrão)
2009-02;Nordeste;1369074,0;16222,2;975,4945945945946;25,613157894736844;2,212727272727273;Hidrelétrica / PCH
2009-02;Norte;400108,0;14112,4;994,0581395348836;25,34090909090909;1,2976190476190477;Hidrelétrica / PCH
2009-02;Sudeste;4425160,0;13946,6;950,3458333333332;24,320408163265306;1,936842105263158;Solar fotovoltaica (padrão)
2009-03;Norte;393057,0;15355,6;994,2977777777778;25,617391304347827;1,2159090909090908;Hidrelétrica / PCH
2009-03;Nordeste;1413760,0;16825,4;975,5016806722688;25,94621848739496;2,0316239316239315;Hidrelétrica / PCH
2009-03;Centro-Oeste;618907,0;10063,0;954,714705882353;24,953846153846158;1,4212121212121211;Solar fotovoltaica (padrão)
2009-03;Sudeste;4666872,0;15120,0;949,3957894736844;24,17708333333333;1,7351063829787234;Solar fotovoltaica (padrão)
2009-03;Sul;1397087,0;4936,2;952,4147540983608;22,50655737704918;2,2383333333333337;Solar fotovoltaica (padrão)
2009-04;Sudeste;4574496,0;9377,2;952,2577319587627;21,9939393939394;1,696875;Solar fotovoltaica (padrão)
2009-04;Norte;413043,0;13892,4;993,2977777777778;25,45434782608696;1,1977272727272728;Hidrelétrica / PCH
2009-04;Nordeste;1455395,0;28916,2;976,8566666666668;24,97416666666667;1,778813559322034;Hidrelétrica / PCH
2009-04;Sul;1388854,0;2669,0;956,195;20,13770491803279;2,259322033898305;Solar fotovoltaica (padrão)
2009-04;Centro-Oeste;640315,0;6160,2;954,14;24,0875;1,3903225806451611;Solar fotovoltaica (padrão)
2009-05;Sul;1299824,0;6811,4;955,6203389830508;17,095000000000002;2,3355932203389838;Solar fotovoltaica (padrão)
2009-05;Sudeste;4466390,0;3920,0;953,49793814433;20,381818181818183;1,6731958762886598;Solar fotovoltaica (padrão)
2009-05;Centro-Oeste;625858,0;2699,2;956,071212121212;22,8703125;1,473015873015873;Solar fotovoltaica (padrão)
2009-05;Nordeste;1389283,0;25706,4;978,1121951219512;23,94435483870968;1,8355371900826445;Hidrelétrica / PCH
2009-05;Norte;406935,0;11834,8;994,2108695652172;25,30434782608696;1,1444444444444444;Hidrelétrica / PCH
2009-06;Sudeste;4263405,0;3783,4;954,5451612903224;18,336458333333333;1,701063829787234;Solar fotovoltaica (padrão)
2009-06;Centro-Oeste;594716,0;1720,8;956,824193548387;21,05625;1,5542372881355933;Solar fotovoltaica (padrão)
2009-06;Norte;411397,0;4653,8;994,7133333333333;25,395744680851063;1,231818181818182;Hidrelétrica / PCH
2009-06;Nordeste;1340016,0;9663,0;979,4709677419354;23,2869918699187;2,041322314049587;Hidrelétrica / PCH
2009-06;Sul;1299676,0;3445,4;956,522222222222;12,857894736842104;2,4925925925925925;Solar fotovoltaica (padrão)
2009-07;Centro-Oeste;592316,0;1211,2;956,8242424242424;22,13125;1,6952380952380952;Solar fotovoltaica (padrão)
2009-07;Norte;429684,0;2234,0;995,3551020408164;25,974;1,31875;Hidrelétrica / PCH
2009-07;Nordeste;1354078,0;8962,8;980,9736434108528;23,33255813953489;2,257142857142857;Hidrelétrica / PCH
2009-07;Sudeste;4390194,0;3437,4;950,7988764044944;19,568478260869565;1,8724137931034484;Solar fotovoltaica (padrão)
2009-07;Sul;1338723,0;6774,4;955,0549019607844;12,81785714285714;2,572549019607843;Solar fotovoltaica (padrão)
2009-08;Norte;453741,0;1500,6;994,364;26,91;1,5;Hidrelétrica / PCH
2009-08;Sudeste;4521489,0;4022,6;952,2043010752687;20,082978723404256;2,231460674157303;Solar fotovoltaica (padrão)
2009-08;Sul;1381261,0;7194,8;958,1872727272728;16,34385964912281;2,8981818181818184;Solar fotovoltaica (padrão)
2009-08;Nordeste;1426344,0;8592,4;981,1635658914728;24,075968992248065;2,6016;Hidrelétrica / PCH
2009-08;Centro-Oeste;620129,0;2595,0;955,68125;23,322950819672133;1,97;Solar fotovoltaica (padrão)
2009-09;Sudeste;4516470,0;7150,6;951,5373626373624;22,622580645161293;2,1730337078651685;Solar fotovoltaica (padrão)
2009-09;Nordeste;1438256,0;4419,6;980,462015503876;25,688372093023258;2,781889763779528;Hidrelétrica / PCH
2009-09;Centro-Oeste;649506,0;4195,8;954,228125;24,648387096774197;1,9524590163934423;Solar fotovoltaica (padrão)
2009-09;Norte;475717,0;2109,4;994,1081632653062;27,414583333333336;1,61875;Hidrelétrica / PCH
2009-09;Sul;1336852,0;14327,0;954,138596491228;16,68421052631579;2,9035087719298245;Solar fotovoltaica (padrão)
2009-10;Norte;472878,0;3682,6;993,2632653061224;27,191666666666663;1,5297872340425531;Hidrelétrica / PCH
2009-10;Centro-Oeste;658857,0;9463,4;952,1;24,9015625;1,713114754098361;Solar fotovoltaica (padrão)
2009-10;Sudeste;4587326,0;16957,4;948,4333333333332;22,85;2,1340909090909093;Solar fotovoltaica (padrão)
2009-10;Nordeste;1488745,0;10242,4;977,8175572519084;26,09618320610687;2,637007874015748;Hidrelétrica / PCH
2009-10;Sul;1317935,0;7006,2;952,7298245614036;18,82758620689655;2,769642857142857;Solar fotovoltaica (padrão)
2009-11;Norte;484073,0;4536,0;989,9755555555556;27,21333333333333;1,5590909090909089;Hidrelétrica / PCH
2009-11;Centro-Oeste;665609,0;9626,6;951,0688524590164;25,473333333333336;1,719642857142857;Solar fotovoltaica (padrão)
2009-11;Sudeste;4586570,0;13276,4;947,0159574468086;24,5680412371134;2,1118279569892477;Solar fotovoltaica (padrão)
2009-11;Nordeste;1520234,0;4841,8;976,4434108527132;26,647286821705425;2,8661417322834644;Hidrelétrica / PCH
2009-11;Sul;1379266,0;14581,4;950,2305084745764;22,84406779661017;2,7448275862068963;Solar fotovoltaica (padrão)
2009-12;Norte;478521,0;9398,0;991,2348837209302;26,161363636363635;1,4785714285714286;Hidrelétrica / PCH
2009-12;Centro-Oeste;655034,0;15000,2;951,6278688524592;24,4;1,707142857142857;Solar fotovoltaica (padrão)
2009-12;Sul;1396936,0;9980,6;951,5983050847458;22,65084745762712;2,5966101694915253;Solar fotovoltaica (padrão)
2009-12;Sudeste;4768804,0;23313,4;947,966304347826;23,68526315789473;1,9717391304347829;Solar fotovoltaica (padrão)
2009-12;Nordeste;1577336,0;10501,6;976,3813953488371;26,439230769230768;2,6755905511811027;Hidrelétrica / PCH
2010-01;Sudeste;4934723,0;13429,2;948,14623655914;24,6968085106383;1,9734042553191489;Solar fotovoltaica (padrão)
2010-01;Norte;460383,0;9247,8;992,670731707317;25,98333333333333;1,365;Hidrelétrica / PCH
2010-01;Nordeste;1577345,0;12640,0;976,6312;26,053543307086617;2,299186991869919;Hidrelétrica / PCH
2010-01;Sul;1576494,0;12853,4;952,9535714285714;23,15714285714285;2,3607142857142853;Solar fotovoltaica (padrão)
2010-01;Centro-Oeste;686131,0;11533,4;951,4;24,76315789473684;1,569811320754717;Solar fotovoltaica (padrão)
2010-02;Sul;1489158,0;8359,2;952,9462962962964;24,041509433962265;2,485185185185185;Solar fotovoltaica (padrão)
2010-02;Norte;442546,0;7834,6;993,3342105263156;26,46;1,3894736842105262;Hidrelétrica / PCH
2010-02;Centro-Oeste;654256,0;7531,8;952,574074074074;25,45818181818182;1,54;Solar fotovoltaica (padrão)
2010-02;Sudeste;4805332,0;7973,2;948,7833333333332;25,18282828282828;1,947422680412371;Solar fotovoltaica (padrão)
2010-02;Nordeste;1521047,0;9098,0;976,7496124031009;26,85078125;2,4818897637795274;Hidrelétrica / PCH
2010-03;Sul;1488181,0;8788,8;953,2796296296297;21,92;2,203703703703704;Solar fotovoltaica (padrão)
2010-03;Sudeste;4841148,0;16739,4;947,5489361702128;24,080412371134024;1,6978947368421051;Solar fotovoltaica (padrão)
2010-03;Norte;466995,0;7248,4;992,8775;26,692500000000003;1,3275;Hidrelétrica / PCH
2010-03;Centro-Oeste;685415,0;9118,6;950,6912280701756;25,190163934426227;1,5018181818181815;Solar fotovoltaica (padrão)
2010-03;Nordeste;1671008,0;15762,2;976,2992;26,651587301587305;2,139669421487603;Hidrelétrica / PCH
2010-04;Sudeste;4871630,0;8712,0;949,7051546391752;22,02525252525253;1,798989898989899;Solar fotovoltaica (padrão)
2010-04;Norte;487028,0;10265,8;994,058536585366;26,304761904761904;1,1;Hidrelétrica / PCH
2010-04;Sul;1443291,0;8875,4;954,1035087719298;19,085964912280705;2,407017543859649;Solar fotovoltaica (padrão)
2010-04;Nordeste;1659728,0;18954,0;976,5472;25,4;2,0141666666666667;Hidrelétrica / PCH
2010-04;Centro-Oeste;688573,0;3325,2;953,4532258064517;24,22741935483871;1,4733333333333334;Solar fotovoltaica (padrão)
2010-05;Norte;479188,0;5860,2;993,3152173913044;26,41304347826087;1,134090909090909;Hidrelétrica / PCH
2010-05;Sul;1349500,0;8292,0;954,6862068965518;15,766101694915257;2,360344827586207;Solar fotovoltaica (padrão)
2010-05;Nordeste;1616156,0;7200,2;977,3574803149606;25,18897637795276;1,95655737704918;Hidrelétrica / PCH
2010-05;Sudeste;4594567,0;3540,2;949,7010204081632;20,143;1,5948979591836736;Solar fotovoltaica (padrão)
2010-05;Centro-Oeste;669588,0;2428,2;954,0;22,20169491525424;1,4293103448275863;Solar fotovoltaica (padrão)
2010-06;Centro-Oeste;667520,0;341,8;956,4819672131148;22,21692307692308;1,5175438596491229;Solar fotovoltaica (padrão)
2010-06;Norte;497484,0;3489,2;995,0458333333332;26,074468085106385;1,1891304347826088;Hidrelétrica / PCH
2010-06;Nordeste;1601998,0;9141,8;979,3926829268293;23,9192;2,3789915966386554;Hidrelétrica / PCH
2010-06;Sudeste;4520711,0;1862,4;954,5340206185568;18,22970297029703;1,75;Solar fotovoltaica (padrão)
2010-06;Sul;1388083,0;3675,2;956,0345454545457;14,844827586206897;2,514545454545454;Solar fotovoltaica (padrão)
2010-07;Nordeste;1541855,0;8762,8;978,7719008264462;23,56910569105691;2,645378151260504;Hidrelétrica / PCH
2010-07;Centro-Oeste;635114,0;365,8;957,6153846153846;22,01029411764706;1,8;Solar fotovoltaica (padrão)
2010-07;Sul;1394531,0;7050,0;957,4596491228068;14,817543859649124;2,710526315789474;Solar fotovoltaica (padrão)
2010-07;Norte;490071,0;2402,0;995,6875;25,83061224489796;1,3595744680851063;Hidrelétrica / PCH
2010-07;Sudeste;4385968,0;3497,4;955,5455445544555;19,59142857142857;1,9892156862745096;Solar fotovoltaica (padrão)
2010-08;Centro-Oeste;677680,0;87,0;956,2360655737704;22,934848484848487;1,8322033898305083;Solar fotovoltaica
2010-08;Norte;492103,0;1763,0;995,5020833333332;26,63529411764706;1,385714285714286;Hidrelétrica / PCH
2010-08;Sudeste;4674267,0;483,8;954,1770833333334;19,57;2,1437500000000003;Solar fotovoltaica (padrão)
2010-08;Sul;1455445,0;2382,0;957,5403508771932;15,313559322033898;2,773684210526316;Solar fotovoltaica (padrão)
2010-08;Nordeste;1512802,0;3793,4;979,923387096774;23,68125;2,791803278688525;Hidrelétrica / PCH
2010-09;Sudeste;4715169,0;4711,0;953,0618556701032;21,933000000000003;2,536734693877551;Solar fotovoltaica (padrão)
2010-09;Centro-Oeste;705315,0;1633,4;952,267741935484;26,26875;2,165573770491803;Solar fotovoltaica (padrão)
2010-09;Norte;529944,0;1485,6;992,8208333333332;27,742857142857144;1,648936170212766;Hidrelétrica / PCH
2010-09;Sul;1402641,0;7410,2;955,8472727272728;17,439655172413794;2,950909090909091;Solar fotovoltaica (padrão)
2010-09;Nordeste;1550927,0;3868,4;977,8536585365854;25,0352;3,036752136752137;Hidrelétrica / PCH
2010-10;Sudeste;4722642,0;9324,8;948,9692307692308;22,213131313131317;2,331111111111112;Solar fotovoltaica (padrão)
2010-10;Sul;1357167,0;7249,8;954,7639344262296;17,781967213114754;2,5672131147540984;Solar fotovoltaica (padrão)
2010-10;Nordeste;1608710,0;7356,6;975,173949579832;26,266129032258064;2,6293103448275863;Hidrelétrica / PCH
2010-10;Centro-Oeste;721029,0;6889,6;951,6950819672132;25,377611940298507;1,788333333333333;Solar fotovoltaica (padrão)
2010-10;Norte;541500,0;4268,6;991,3090909090909;27,39782608695652;1,5488372093023255;Hidrelétrica / PCH
2010-11;Sudeste;4672324,0;19237,0;946,85;22,562745098039212;1,99375;Solar fotovoltaica (padrão)
2010-11;Centro-Oeste;706899,0;12305,0;950,6530303030304;24,25671641791045;1,7212121212121212;Solar fotovoltaica (padrão)
2010-11;Sul;1360716,0;6097,8;952,8166666666668;20,098360655737704;2,61;Solar fotovoltaica (padrão)
2010-11;Nordeste;1696902,0;6947,8;975,6915254237288;26,369105691056912;2,6787610619469024;Hidrelétrica / PCH
2010-11;Norte;525898,0;5539,8;990,593023255814;26,6;1,4357142857142855;Hidrelétrica / PCH
2010-12;Sudeste;4941867,0;25675,4;945,561224489796;23,8969696969697;1,88469387755102;Solar fotovoltaica (padrão)
2010-12;Nordeste;1725786,0;12172,4;974,6508064516128;26,01904761904762;2,362393162393162;Hidrelétrica / PCH
2010-12;Centro-Oeste;708846,0;11365,4;947,9065573770492;24,693548387096776;1,6754098360655738;Solar fotovoltaica (padrão)
2010-12;Sul;1415916,0;11987,0;951,266129032258;21,88225806451613;2,75;Solar fotovoltaica (padrão)
2010-12;Norte;509429,0;9667,6;991,0102040816328;26,024;1,2872340425531914;Hidrelétrica / PCH
2011-01;Sudeste;5255305,0;20500,2;946,0913978494624;24,01578947368421;1,949462365591398;Solar fotovoltaica (padrão)
2011-01;Nordeste;1751761,0;15589,0;975,8669421487602;25,58360655737705;2,1114035087719296;Hidrelétrica / PCH
2011-01;Centro-Oeste;704339,0;12751,4;948,0283333333332;24,279032258064515;1,5983333333333334;Solar fotovoltaica (padrão)
2011-01;Sul;1602622,0;12344,4;950,7633333333334;23,496774193548383;2,1366666666666663;Solar fotovoltaica (padrão)
2011-01;Norte;496172,0;13244,4;991,9617021276596;25,236734693877548;1,257777777777778;Hidrelétrica / PCH
2011-02;Norte;452353,0;12154,4;992,0209302325582;25,13913043478261;1,3243902439024389;Hidrelétrica / PCH
2011-02;Centro-Oeste;672452,0;9062,0;947,840350877193;24,16949152542373;1,4732142857142858;Solar fotovoltaica (padrão)
2011-02;Sul;1598947,0;12275,0;951,6766666666666;22,78666666666667;2,3766666666666665;Solar fotovoltaica (padrão)
2011-02;Nordeste;1597702,0;13933,4;977,0703389830508;25,529838709677417;2,027272727272728;Hidrelétrica / PCH
2011-02;Sudeste;5083728,0;10748,8;946,9557894736844;24,463636363636365;1,8389473684210524;Solar fotovoltaica (padrão)
2011-03;Sudeste;5128653,0;23867,0;943,5073684210524;22,690721649484537;1,7308510638297872;Solar fotovoltaica (padrão)
2011-03;Sul;1490633,0;8677,8;954,1459016393444;21,333870967741937;2,7295081967213117;Solar fotovoltaica (padrão)
2011-03;Nordeste;1713392,0;17525,6;976,676;25,5359375;1,8457627118644069;Hidrelétrica / PCH
2011-03;Norte;477637,0;12462,0;991,9333333333332;25,40217391304348;1,2069767441860464;Hidrelétrica / PCH
2011-03;Centro-Oeste;697532,0;13864,4;950,2774193548388;23,990625;1,6596774193548387;Solar fotovoltaica (padrão)
2011-04;Nordeste;1681904,0;18407,6;976,8892561983472;24,931746031746037;1,851754385964912;Hidrelétrica / PCH
2011-04;Norte;471596,0;13573,0;992,3479166666666;25,556;1,1304347826086956;Hidrelétrica / PCH
2011-04;Centro-Oeste;712847,0;5695,0;951,6266666666668;24,0390625;1,4389830508474577;Solar fotovoltaica (padrão)
2011-04;Sudeste;4937010,0;9634,0;947,4683673469387;22,18910891089109;1,6739583333333332;Solar fotovoltaica (padrão)
2011-04;Sul;1433329,0;5864,4;952,3561403508772;19,53333333333333;2,128571428571429;Solar fotovoltaica (padrão)
2011-05;Norte;487643,0;9252,8;993,2196078431372;25,734615384615385;1,1571428571428573;Hidrelétrica / PCH
2011-05;Sul;1426433,0;3624,8;956,7806451612904;15,875806451612902;2,30983606557377;Solar fotovoltaica (padrão)
2011-05;Nordeste;1662459,0;14540,4;978,042741935484;24,052419354838708;1,95;Hidrelétrica / PCH
2011-05;Sudeste;4856402,0;2328,2;949,577;19,374257425742574;1,5762886597938144;Solar fotovoltaica (padrão)
2011-05;Centro-Oeste;704884,0;963,8;953,6142857142856;22,14307692307692;1,4903225806451614;Solar fotovoltaica (padrão)
2011-06;Sul;1403302,0;8228,0;955,875;13,4875;2,438095238095238;Solar fotovoltaica (padrão)
2011-06;Centro-Oeste;659843,0;1335,0;954,5630769230768;21,110294117647054;1,546031746031746;Solar fotovoltaica (padrão)
2011-06;Nordeste;1605866,0;6275,0;978,200826446281;23,408943089430892;2,0172413793103448;Hidrelétrica / PCH
2011-06;Sudeste;4678006,0;2531,6;949,8166666666666;17,94123711340206;1,6806451612903226;Solar fotovoltaica (padrão)
2011-06;Norte;520799,0;3326,0;994,494;25,945098039215686;1,2571428571428571;Hidrelétrica / PCH
2011-07;Sul;1516995,0;10164,2;954,9533333333331;14,254098360655735;2,5083333333333333;Solar fotovoltaica (padrão)
2011-07;Sudeste;4784552,0;1265,8;949,513829787234;18,75578947368421;1,8065934065934064;Solar fotovoltaica (padrão)
2011-07;Norte;513870,0;2576,6;994,5;25,956;1,3041666666666667;Hidrelétrica / PCH
2011-07;Nordeste;1639149,0;7765,2;978,3644067796612;23,105042016806724;2,3106194690265487;Hidrelétrica / PCH
2011-07;Centro-Oeste;673879,0;908,0;954,8140625;22,03692307692308;1,6875;Solar fotovoltaica (padrão)
2011-08;Sudeste;4840012,0;1760,8;950,2645833333332;20,566;2,1311827956989244;Solar fotovoltaica (padrão)
2011-08;Sul;1494340,0;11570,6;955,1516666666666;15,191935483870967;3,110169491525424;Solar fotovoltaica (padrão)
2011-08;Norte;541456,0;1985,0;994,2458333333334;26,72352941176471;1,4893617021276595;Hidrelétrica / PCH
2011-08;Centro-Oeste;689462,0;658,2;953,1533333333332;23,746153846153845;1,9622950819672127;Solar fotovoltaica (padrão)
2011-08;Nordeste;1636046,0;4189,0;978,071186440678;23,97560975609756;2,43;Hidrelétrica / PCH
2011-09;Centro-Oeste;757502,0;1952,4;956,1318840579712;25,54507042253521;2,0357142857142856;Solar fotovoltaica (padrão)
2011-09;Sul;1494136,0;5994,8;957,053125;16,77142857142857;2,914285714285714;Solar fotovoltaica (padrão)
2011-09;Sudeste;5036380,0;1375,6;949,9347368421052;20,865656565656565;2,4333333333333336;Solar fotovoltaica (padrão)
2011-09;Nordeste;1668339,0;2749,6;980,4100775193798;24,595419847328245;2,845833333333333;Hidrelétrica / PCH
2011-09;Norte;567602,0;2314,0;993,554;27,240384615384617;1,520408163265306;Hidrelétrica / PCH
2011-10;Centro-Oeste;766759,0;12146,2;953,6528571428572;24,672602739726027;1,9042857142857144;Solar fotovoltaica (padrão)
2011-10;Sul;1420907,0;10766,6;950,9532258064517;19,016129032258064;2,822950819672131;Solar fotovoltaica (padrão)
2011-10;Nordeste;1704764,0;9625,4;975,4247933884296;25,68492063492064;2,647368421052632;Hidrelétrica / PCH
2011-10;Sudeste;4905359,0;14848,4;947,5784313725492;21,870192307692307;2,324;Solar fotovoltaica (padrão)
2011-10;Norte;567178,0;6784,0;991,5696428571428;26,667272727272728;1,4333333333333331;Hidrelétrica / PCH
2011-11;Sul;1404883,0;5022,4;953,0888888888888;20,184126984126983;2,7532258064516126;Solar fotovoltaica (padrão)
2011-11;Nordeste;1723018,0;9574,0;974,9536585365854;25,24296875;2,6237288135593224;Hidrelétrica / PCH
2011-11;Centro-Oeste;740908,0;11327,6;953,9028985507248;24,56901408450704;1,8185714285714285;Solar fotovoltaica (padrão)
2011-11;Norte;548988,0;6642,4;992,9716981132076;26,27962962962963;1,3549019607843136;Hidrelétrica / PCH
2011-11;Sudeste;4885526,0;16852,2;946,207;21,50769230769231;2,1683673469387754;Solar fotovoltaica (padrão)
2011-12;Nordeste;1778139,0;7629,8;975,3530769230769;26,181954887218044;2,529268292682927;Hidrelétrica / PCH
2011-12;Sul;1453631,0;6577,0;951,95;21,58;2,503174603174603;Solar fotovoltaica (padrão)
2011-12;Sudeste;4957747,0;23507,6;946,286;22,942307692307693;1,8656565656565656;Solar fotovoltaica (padrão)
2011-12;Centro-Oeste;744657,0;14479,4;952,6536231884058;24,59178082191781;1,6380281690140843;Solar fotovoltaica (padrão)
2011-12;Norte;548931,0;7943,0;991,070588235294;26,18490566037736;1,33;Hidrelétrica / PCH
2012-01;Centro-Oeste;726118,0;17194,0;952,8955223880596;24,02142857142857;1,727536231884058;Solar fotovoltaica (padrão)
2012-01;Norte;524135,0;13947,2;993,642;25,23921568627451;1,2574468085106385;Hidrelétrica / PCH
2012-01;Sul;1584090,6;9625,2;952,417741935484;22,516129032258064;2,581967213114754;Solar fotovoltaica (padrão)
2012-01;Sudeste;5138107,0;25371,6;949,421;22,80294117647059;1,9255102040816323;Solar fotovoltaica (padrão)
2012-01;Nordeste;1827785,0;9786,0;975,7070866141732;25,904651162790696;2,535537190082645;Hidrelétrica / PCH
2012-02;Sul;1658097,8;7381,0;950,9842105263158;23,84915254237288;2,2745454545454544;Solar fotovoltaica (padrão)
2012-02;Centro-Oeste;727504,0;10620,0;953,1650793650794;24,51830985915493;1,6328125;Solar fotovoltaica (padrão)
2012-02;Nordeste;1704591,0;11202,8;975,4262295081968;25,5408;2,3170940170940173;Hidrelétrica / PCH
2012-02;Norte;503434,0;13240,8;991,8102040816326;24,972727272727276;1,2065217391304348;Hidrelétrica / PCH
2012-02;Sudeste;5111298,0;7248,4;948,0051020408164;24,12745098039216;1,8552083333333331;Solar fotovoltaica (padrão)
2012-03;Sul;1706808,4;4041,0;952,5017543859648;21,423809523809524;2,1745454545454543;Solar fotovoltaica (padrão)
2012-03;Centro-Oeste;750552,0;10367,6;955,3285714285714;24,376;1,452112676056338;Solar fotovoltaica (padrão)
2012-03;Nordeste;1838823,0;9246,4;976,9403100775194;25,858088235294115;2,231451612903226;Hidrelétrica / PCH
2012-03;Sudeste;5470926,0;10153,2;949,4960396039604;23,403809523809525;1,7071428571428573;Solar fotovoltaica (padrão)
2012-03;Norte;503494,0;16157,0;994,2;25,4;1,1352941176470588;Hidrelétrica / PCH
2012-04;Centro-Oeste;774281,0;7740,4;955,6930555555556;24,38133333333333;1,3891891891891892;Solar fotovoltaica (padrão)
2012-04;Nordeste;1779375,0;5747,4;977,2463235294116;25,87941176470588;2,164393939393939;Hidrelétrica / PCH
2012-04;Norte;532486,0;10838,0;993,4075471698112;25,943636363636365;1,082;Hidrelétrica / PCH
2012-04;Sudeste;5308429,0;7245,8;947,5384615384615;22,741666666666667;1,634313725490196;Solar fotovoltaica (padrão)
2012-04;Sul;1533564,5;8226,8;955,9606557377048;19,19032258064516;2,1338983050847458;Solar fotovoltaica (padrão)
2012-05;Norte;552161,0;7048,2;994,325;25,87894736842105;1,1660377358490566;Hidrelétrica / PCH
2012-05;Centro-Oeste;752535,0;4224,8;958,8768115942028;22,40533333333333;1,5314285714285714;Solar fotovoltaica (padrão)
2012-05;Sul;1461139,1;3932,4;957,8578125;16,8453125;2,2419354838709675;Solar fotovoltaica (padrão)
2012-05;Sudeste;4954256,0;7559,4;952,1971698113208;19,561682242990653;1,6817307692307693;Solar fotovoltaica (padrão)
2012-05;Nordeste;1811928,0;7215,2;979,128148148148;25,06449275362319;2,374242424242424;Hidrelétrica / PCH
2012-06;Norte;566437,0;4264,2;995,7157894736844;25,724137931034484;1,1660377358490566;Hidrelétrica / PCH
2012-06;Sul;1490069,5;8675,4;959,1015873015872;14,846031746031745;2,091666666666667;Solar fotovoltaica (padrão)
2012-06;Sudeste;5033564,0;8861,8;951,334;19,680392156862744;1,5928571428571427;Solar fotovoltaica (padrão)
2012-06;Centro-Oeste;739704,0;4390,4;958,5666666666668;22,066666666666663;1,521917808219178;Solar fotovoltaica (padrão)
2012-06;Nordeste;1775115,0;7177,2;980,115748031496;24,350375939849624;2,233333333333333;Hidrelétrica / PCH
2012-07;Norte;551450,0;3788,0;995,5620689655173;25,641666666666666;1,2410714285714286;Hidrelétrica / PCH
2012-07;Sul;1503946,1;8106,0;957,621212121212;13,76969696969697;2,3921875;Solar fotovoltaica (padrão)
2012-07;Sudeste;4828556,0;2693,4;952,2134615384616;18,84190476190476;1,7851485148514852;Solar fotovoltaica (padrão)
2012-07;Centro-Oeste;692016,0;382,4;958,1070422535212;21,43918918918919;1,6597222222222223;Solar fotovoltaica (padrão)
2012-07;Nordeste;1698329,0;5504,0;980,5325581395348;23,821804511278195;2,4850393700787405;Hidrelétrica / PCH
2012-08;Sudeste;4979107,0;3099,4;956,1122641509434;19,666037735849056;2,2572815533980584;Solar fotovoltaica (padrão)
2012-08;Nordeste;1740365,0;4404,8;980,6976744186046;24,031060606060606;2,975590551181102;Hidrelétrica / PCH
2012-08;Norte;592424,0;1926,6;995,95;26,412068965517243;1,4785714285714284;Hidrelétrica / PCH
2012-08;Centro-Oeste;752539,0;123,8;958,623943661972;23,583561643835612;2,1527777777777777;Solar fotovoltaica (padrão)
2012-08;Sul;1557201,9;2129,8;958,9292307692308;18,052307692307693;2,8285714285714283;Solar fotovoltaica (padrão)
2012-09;Centro-Oeste;801211,0;3740,8;957,1555555555556;25,865333333333336;2,013888888888889;Solar fotovoltaica (padrão)
2012-09;Sudeste;5108683,0;4812,0;953,1333333333332;21,83142857142857;2,334313725490196;Solar fotovoltaica (padrão)
2012-09;Sul;1510699,2;6089,2;954,3619047619048;18,306349206349207;2,985245901639344;Solar fotovoltaica (padrão)
2012-09;Norte;604096,0;2950,0;994,825;27,289830508474576;1,5636363636363635;Hidrelétrica / PCH
2012-09;Nordeste;1723840,0;2408,2;979,602290076336;25,46564885496183;2,951937984496124;Hidrelétrica / PCH
2012-10;Sul;1489158,1;10808,6;949,5950819672132;20,12063492063492;2,8813559322033897;Solar fotovoltaica (padrão)
2012-10;Centro-Oeste;824192,0;6736,4;954,9643835616438;26,37333333333333;1,978082191780822;Solar fotovoltaica (padrão)
2012-10;Norte;608315,0;4421,8;994,3;27,27796610169492;1,515384615384615;Hidrelétrica / PCH
2012-10;Sudeste;5068966,0;4979,4;949,4864077669904;23,807692307692307;2,366;Solar fotovoltaica (padrão)
2012-10;Nordeste;1797350,0;4950,0;977,320895522388;26,38222222222222;2,987218045112782;Hidrelétrica / PCH
2012-11;Centro-Oeste;852344,0;15525,4;953,525352112676;24,93918918918919;1,6732394366197183;Solar fotovoltaica (padrão)
2012-11;Norte;628098,0;8874,0;991,8948275862068;26,95245901639344;1,4428571428571428;Hidrelétrica / PCH
2012-11;Nordeste;1822908,0;10569,4;975,363358778626;26,36865671641791;2,623846153846154;Hidrelétrica / PCH
2012-11;Sudeste;5369591,0;22501,0;946,8846153846154;22,752336448598133;2,0643564356435644;Solar fotovoltaica (padrão)
2012-11;Sul;1566444,2;4682,0;952,6753846153846;21,707462686567165;2,671875;Solar fotovoltaica (padrão)
2012-12;Sul;1628533,3;12703,2;950,975;23,53230769230769;2,5603174603174605;Solar fotovoltaica (padrão)
2012-12;Sudeste;5223040,0;14129,2;946,104854368932;25,022641509433964;1,897029702970297;Solar fotovoltaica (padrão)
2012-12;Norte;597632,0;11450,6;993,3666666666668;26,167213114754095;1,329310344827586;Hidrelétrica / PCH
2012-12;Centro-Oeste;809315,0;11526,6;952,4786666666666;25,6051948051948;1,706578947368421;Solar fotovoltaica (padrão)
2012-12;Nordeste;1874692,0;6082,4;975,2968;26,844186046511627;2,6451612903225805;Hidrelétrica / PCH
2013-01;Nordeste;2002181,0;12890,8;976,7598360655736;26,3872;2,516260162601626;Hidrelétrica / PCH
2013-01;Centro-Oeste;828781,0;19363,4;953,2722222222224;24,68933333333333;1,7123287671232876;Solar fotovoltaica (padrão)
2013-01;Sudeste;5757901,0;26255,4;946,8306930693068;23,51274509803922;2,015151515151515;Solar fotovoltaica (padrão)
2013-01;Norte;577517,0;17238,2;995,8116666666666;25,98225806451613;1,2327586206896552;Hidrelétrica / PCH
2013-01;Sul;1758505,0;8372,8;953,123076923077;22,0171875;2,5734375;Solar fotovoltaica (padrão)
2013-02;Nordeste;1980331,0;7255,6;976,2723577235772;26,68968253968254;2,6225806451612903;Hidrelétrica / PCH
2013-02;Norte;560166,0;13534,8;992,3049180327868;25,627692307692307;1,2901639344262297;Hidrelétrica / PCH
2013-02;Sudeste;5425917,0;11688,0;947,8313725490196;24,22058823529412;1,8285714285714283;Solar fotovoltaica (padrão)
2013-02;Sul;1711710,0;11211,8;954,7640625;22,465625;2,2790322580645164;Solar fotovoltaica (padrão)
2013-02;Centro-Oeste;796405,0;11869,6;954,8585714285716;24,74155844155844;1,5746478873239436;Solar fotovoltaica (padrão)
2013-03;Norte;543558,0;14999,6;993,032786885246;25,94375;1,2610169491525425;Hidrelétrica / PCH
2013-03;Nordeste;2000446,0;9584,0;977,9333333333334;26,871641791044777;2,4150793650793654;Hidrelétrica / PCH
2013-03;Sudeste;5373723,0;18181,2;948,2425742574258;23,563366336633663;1,7918367346938775;Solar fotovoltaica (padrão)
2013-03;Sul;1631377,0;11630,4;955,3171875;20,45757575757576;2,3095238095238093;Solar fotovoltaica (padrão)
2013-03;Centro-Oeste;807892,0;16145,2;956,090789473684;24,97051282051282;1,4766233766233767;Solar fotovoltaica (padrão)
2013-04;Centro-Oeste;783019,0;8719,6;955,8816901408452;23,39610389610389;1,3708333333333331;Solar fotovoltaica (padrão)
2013-04;Norte;591995,0;11567,0;994,4535714285714;25,955;1,2072727272727273;Hidrelétrica / PCH
2013-04;Sul;1513471,0;6237,2;955,7048387096772;18,69047619047619;2,0491803278688523;Solar fotovoltaica (padrão)
2013-04;Nordeste;2083364,0;14614,0;978,00546875;25,64538461538461;2,124;Hidrelétrica / PCH
2013-04;Sudeste;5329736,0;8739,8;948,9858585858586;21,25145631067961;1,5270833333333331;Solar fotovoltaica (padrão)
2013-05;Norte;595852,0;9426,6;994,1785714285714;25,85862068965517;1,160377358490566;Hidrelétrica / PCH
2013-05;Sul;1565432,0;6148,0;956,5625;16,266666666666666;1,9761904761904765;Solar fotovoltaica (padrão)
2013-05;Sudeste;5269471,0;6582,4;950,9901960784314;20,157692307692308;1,533;Solar fotovoltaica (padrão)
2013-05;Nordeste;1995023,0;9767,6;979,1152;24,905882352941177;2,0308333333333333;Hidrelétrica / PCH
2013-05;Centro-Oeste;816136,0;3078,0;957,9105263157894;22,98205128205128;1,464935064935065;Solar fotovoltaica (padrão)
2013-06;Sul;1594070,0;10548,2;955,971875;15,070769230769232;1,912903225806452;Solar fotovoltaica (padrão)
2013-06;Sudeste;5185998,0;3834,4;950,1796116504854;19,83047619047619;1,4643564356435643;Solar fotovoltaica (padrão)
2013-06;Centro-Oeste;797911,0;4377,6;958,5657894736842;22,67820512820513;1,3413333333333333;Solar fotovoltaica (padrão)
2013-06;Norte;616782,0;3678,0;993,7283018867925;26,04385964912281;1,25625;Hidrelétrica / PCH
2013-06;Nordeste;1897430,0;9791,2;980,3944;24,25223880597015;1,9878048780487805;Hidrelétrica / PCH
2013-07;Nordeste;1927736,0;8270,4;980,3891472868216;23,684848484848487;2,2453125;Hidrelétrica / PCH
2013-07;Sul;1634801,0;4889,4;958,4344262295082;14,1375;2,15;Solar fotovoltaica (padrão)
2013-07;Norte;623393,0;5204,0;994,9929824561405;25,521311475409835;1,3056603773584907;Hidrelétrica / PCH
2013-07;Centro-Oeste;772664,0;869,6;960,5589743589744;21,50125;1,7192307692307691;Solar fotovoltaica (padrão)
2013-07;Sudeste;5063741,0;3903,4;951,8865384615384;18,670754716981133;1,822549019607843;Solar fotovoltaica (padrão)
2013-08;Sudeste;5200951,0;1573,0;951,4104761904764;19,54952380952381;2,144660194174757;Solar fotovoltaica (padrão)
2013-08;Centro-Oeste;816125,0;77,4;959,535064935065;22,31025641025641;2,051948051948052;Solar fotovoltaica
2013-08;Sul;1715613,0;9169,8;958,677049180328;14,646875;2,4966101694915257;Solar fotovoltaica (padrão)
2013-08;Nordeste;1918626,0;6333,0;979,8684210526316;24,206666666666667;2,576153846153846;Hidrelétrica / PCH
2013-08;Norte;629182,0;3921,4;993,9413793103448;26,257377049180327;1,4732142857142858;Hidrelétrica / PCH
2013-09;Centro-Oeste;813870,0;3680,6;957,9376623376623;24,865384615384617;2,0844155844155843;Solar fotovoltaica (padrão)
2013-09;Sudeste;5196437,0;5156,4;949,9049504950494;21,39333333333333;2,398989898989899;Solar fotovoltaica (padrão)
2013-09;Sul;1644068,0;9019,4;955,653125;17,3484375;2,479032258064516;Solar fotovoltaica (padrão)
2013-09;Norte;640168,0;3913,0;994,2592592592592;26,946551724137933;1,5615384615384615;Hidrelétrica / PCH
2013-09;Nordeste;1956622,0;5177,4;979,525;25,57794117647059;2,8621212121212123;Hidrelétrica / PCH
2013-10;Nordeste;2054166,0;7798,8;978,8223880597016;26,15259259259259;2,948091603053435;Hidrelétrica / PCH
2013-10;Norte;687065,0;5629,2;993,3618181818182;26,995081967213117;1,5482142857142858;Hidrelétrica / PCH
2013-10;Centro-Oeste;870074,0;11050,2;956,6846153846152;24,969135802469136;1,843589743589744;Solar fotovoltaica (padrão)
2013-10;Sul;1620013,0;9828,0;954,9910447761196;19,04492753623188;2,576923076923077;Solar fotovoltaica (padrão)
2013-10;Sudeste;5313978,0;10223,4;949,7628571428572;21,902857142857144;2,3215686274509806;Solar fotovoltaica (padrão)
2013-11;Norte;675367,0;10471,2;994,08;26,26949152542373;1,4163636363636365;Hidrelétrica / PCH
2013-11;Nordeste;2072616,0;11250,8;976,5440298507464;26,08208955223881;2,7765151515151514;Hidrelétrica / PCH
2013-11;Sudeste;5420982,0;16439,2;947,3471153846154;22,803846153846152;2,2465346534653468;Solar fotovoltaica (padrão)
2013-11;Centro-Oeste;913837,0;12365,8;954,8571428571428;24,916666666666668;1,803896103896104;Solar fotovoltaica (padrão)
2013-11;Sul;1628086,0;8819,8;953,0731343283584;21,170588235294115;2,9553846153846157;Solar fotovoltaica (padrão)
2013-12;Sul;1653801,0;7772,2;950,9296875;23,128358208955223;2,2758064516129037;Solar fotovoltaica (padrão)
2013-12;Nordeste;2075421,0;15817,6;976,0823529411764;26,157246376811592;2,454887218045113;Hidrelétrica / PCH
2013-12;Sudeste;5407419,0;29062,4;944,519801980198;23,61142857142857;1,9303030303030304;Solar fotovoltaica (padrão)
2013-12;Norte;683978,0;9779,0;992,4636363636364;26,37627118644068;1,359615384615385;Hidrelétrica / PCH
2013-12;Centro-Oeste;885062,0;16892,4;953,2391891891892;24,92692307692308;1,7256756756756757;Solar fotovoltaica (padrão)
2014-01;Sul;2012159,0;11533,0;954,1184615384616;23,887878787878787;2,107936507936508;Solar fotovoltaica (padrão)
2014-01;Sudeste;5991046,0;7973,0;947,7171717171716;24,59;1,940625;Solar fotovoltaica (padrão)
2014-01;Nordeste;2222412,0;8355,4;977,5376811594203;26,14087591240876;2,3762962962962964;Hidrelétrica / PCH
2014-01;Norte;651827,0;12751,2;993,801818181818;25,67142857142857;1,279245283018868;Hidrelétrica / PCH
2014-01;Centro-Oeste;920875,0;12437,2;955,461971830986;24,586111111111112;1,532394366197183;Solar fotovoltaica (padrão)
2014-02;Sul;2166045,0;9361,2;952,9435483870968;23,87076923076923;2,396666666666667;Solar fotovoltaica (padrão)
2014-02;Centro-Oeste;874137,0;12818,4;953,2892307692308;24,621739130434783;1,668181818181818;Solar fotovoltaica (padrão)
2014-02;Nordeste;2115977,0;12181,2;976,6462686567164;25,85037037037037;2,23206106870229;Hidrelétrica / PCH
2014-02;Norte;640104,0;13746,8;992,3923076923076;25,36;1,2098039215686276;Hidrelétrica / PCH
2014-02;Sudeste;6082595,0;6019,6;947,4371134020618;24,606;2,0638297872340425;Solar fotovoltaica (padrão)
2014-03;Sul;1810905,0;11205,2;954,991935483871;21,406060606060606;2,0704918032786885;Solar fotovoltaica (padrão)
2014-03;Nordeste;2152217,0;15259,8;977,1748091603052;25,76766917293233;2,04296875;Hidrelétrica / PCH
2014-03;Norte;665706,0;15666,2;992,2357142857144;25,59649122807017;1,2425925925925925;Hidrelétrica / PCH
2014-03;Sudeste;5783428,0;11091,8;947,547;23,519801980198014;1,9041666666666668;Solar fotovoltaica (padrão)
2014-03;Centro-Oeste;876245,0;14728,2;956,6927536231884;24,37945205479452;1,4757142857142858;Solar fotovoltaica (padrão)
2014-04;Sul;1657560,0;7173,8;958,660606060606;19,71212121212121;2,1184615384615384;Solar fotovoltaica (padrão)
2014-04;Centro-Oeste;868377,0;7421,8;956,4046153846156;24,214492753623187;1,36969696969697;Solar fotovoltaica (padrão)
2014-04;Nordeste;2127397,0;14305,2;976,7945736434108;25,423664122137403;1,8539682539682536;Hidrelétrica / PCH
2014-04;Norte;649978,0;11521,2;993,1777777777778;25,758928571428573;1,1320754716981132;Hidrelétrica / PCH
2014-04;Sudeste;5477028,0;8313,0;947,7950980392158;22,36923076923077;1,6536082474226803;Solar fotovoltaica (padrão)
2014-05;Sul;1663029,0;7266,8;961,865573770492;16,668253968253968;1,7866666666666666;Solar fotovoltaica (padrão)
2014-05;Centro-Oeste;888051,0;4528,6;956,6223880597014;22,31830985915493;1,339705882352941;Solar fotovoltaica (padrão)
2014-05;Nordeste;2164510,0;13382,2;978,1969465648856;24,456390977443608;1,8751937984496123;Hidrelétrica / PCH
2014-05;Norte;705888,0;8852,6;993,9981818181818;25,84210526315789;1,111320754716981;Hidrelétrica / PCH
2014-05;Sudeste;5455670,0;2647,0;947,9456310679612;20,16132075471698;1,593877551020408;Solar fotovoltaica (padrão)
2014-06;Sul;1660066,0;11102,4;959,343103448276;15,69;2,125454545454545;Solar fotovoltaica (padrão)
2014-06;Centro-Oeste;827154,0;1511,6;957,9602739726027;22,114285714285717;1,5689189189189188;Solar fotovoltaica (padrão)
2014-06;Nordeste;2035296,0;7459,6;980,562015503876;24,107692307692307;2,1944;Hidrelétrica / PCH
2014-06;Sudeste;5106123,0;1993,6;950,4039215686274;19,616346153846152;1,7247422680412372;Solar fotovoltaica (padrão)
2014-06;Norte;693230,0;5104,6;993,7321428571428;25,889655172413796;1,3199999999999998;Hidrelétrica / PCH
2014-07;Centro-Oeste;784886,0;3579,8;960,3222222222222;21,570666666666668;1,667123287671233;Solar fotovoltaica (padrão)
2014-07;Norte;712711,0;2535,8;995,954716981132;25,730357142857144;1,425;Hidrelétrica / PCH
2014-07;Nordeste;2072771,0;6864,0;982,6225563909776;23,74558823529412;2,465891472868217;Hidrelétrica / PCH
2014-07;Sudeste;5294663,0;4714,0;953,607;18,6875;1,8810526315789475;Solar fotovoltaica (padrão)
2014-07;Sul;1690827,0;5202,8;960,7428571428572;15,104545454545454;2,2819672131147537;Solar fotovoltaica (padrão)
2014-08;Sul;1722603,0;3710,8;961,6765625;16,847692307692306;2,116129032258064;Solar fotovoltaica (padrão)
2014-08;Centro-Oeste;864433,0;344,2;958,3666666666666;23,991891891891893;1,7068493150684931;Solar fotovoltaica (padrão)
2014-08;Norte;735422,0;2294,6;993,655357142857;26,382456140350875;1,463265306122449;Hidrelétrica / PCH
2014-08;Nordeste;2027166,0;3303,4;980,9333333333332;24,140145985401457;2,612977099236641;Hidrelétrica / PCH
2014-08;Sudeste;5191948,0;1865,4;951,9227722772278;19,93980582524272;2,0112244897959184;Solar fotovoltaica (padrão)
2014-09;Sul;1650393,0;11701,4;960,3580645161288;18,771875;2,5383333333333336;Solar fotovoltaica (padrão)
2014-09;Centro-Oeste;914142,0;5071,8;955,5191780821916;25,96216216216216;1,874324324324324;Solar fotovoltaica (padrão)
2014-09;Norte;755837,0;2584,2;993,1272727272728;27,24642857142857;1,530612244897959;Hidrelétrica / PCH
2014-09;Nordeste;2060440,0;4732,2;980,3060606060606;25,354477611940297;2,853543307086614;Hidrelétrica / PCH
2014-09;Sudeste;5194803,0;4106,2;949,6596153846154;22,085576923076925;2,494059405940594;Solar fotovoltaica (padrão)
2014-10;Sul;1662746,0;6939,4;956,5523076923076;21,280597014925373;2,41904761904762;Solar fotovoltaica (padrão)
2014-10;Sudeste;5560649,0;6653,6;949,3355140186916;23,05462962962963;2,5548076923076923;Solar fotovoltaica (padrão)
2014-10;Norte;756891,0;6170,6;992,1206896551724;26,918333333333333;1,4963636363636363;Hidrelétrica / PCH
2014-10;Nordeste;2154008,0;5988,8;977,2736;26,057251908396942;3,027868852459016;Hidrelétrica / PCH
2014-10;Centro-Oeste;1006315,0;4653,6;954,1704225352114;26,495890410958904;1,8208333333333333;Solar fotovoltaica (padrão)
2014-11;Sudeste;5714131,0;17307,4;945,250980392157;23,023300970873787;2,186;Solar fotovoltaica (padrão)
2014-11;Nordeste;2172997,0;9832,0;975,109917355372;26,047692307692305;2,609243697478992;Hidrelétrica / PCH
2014-11;Centro-Oeste;969551,0;12763,2;952,013698630137;24,82435897435897;1,5608108108108107;Solar fotovoltaica (padrão)
2014-11;Sul;1780429,0;8095,4;955,9424242424242;21,68550724637681;2,15625;Solar fotovoltaica (padrão)
2014-11;Norte;745283,0;7364,8;991,2241379310344;26,696610169491525;1,3962962962962964;Hidrelétrica / PCH
2014-12;Centro-Oeste;897948,0;15556,0;954,7712328767124;24,605263157894736;1,5783783783783782;Solar fotovoltaica (padrão)
2014-12;Nordeste;2190944,0;10792,6;977,2056451612904;25,929268292682927;2,526829268292683;Hidrelétrica / PCH
2014-12;Norte;761455,0;8326,4;992,4793103448276;26,411475409836065;1,409433962264151;Hidrelétrica / PCH
2014-12;Sul;1801652,0;13188,6;951,416923076923;22,48550724637681;2,209523809523809;Solar fotovoltaica (padrão)
2014-12;Sudeste;5508771,0;16073,6;945,9621359223302;23,759047619047617;2,097029702970297;Solar fotovoltaica (padrão)
2015-01;Sul;2062995,7;12030,2;952,1;23,390625;2,05;Solar fotovoltaica (padrão)
2015-01;Centro-Oeste;989503,0;7580,8;956,0180555555556;25,596;1,426388888888889;Solar fotovoltaica (padrão)
2015-01;Sudeste;6476567,0;8734,2;947,0030303030304;25,47524752475248;1,9808080808080808;Solar fotovoltaica (padrão)
2015-01;Nordeste;2302666,0;5681,4;979,3983606557376;26,418852459016392;2,466393442622951;Hidrelétrica / PCH
2015-01;Norte;726570,4;10181,6;993,343103448276;25,72203389830508;1,2425925925925925;Hidrelétrica / PCH
2015-02;Sudeste;5957795,0;16465,6;946,2510204081632;24,01764705882353;1,922680412371134;Solar fotovoltaica (padrão)
2015-02;Centro-Oeste;936289,0;10995,4;955,7140845070422;24,687671232876717;1,532394366197183;Solar fotovoltaica (padrão)
2015-02;Nordeste;2240786,0;12336,8;978,5912280701754;26,056896551724137;2,248245614035088;Hidrelétrica / PCH
2015-02;Sul;1967877,0;9319,8;953,167741935484;22,63492063492064;1,9098360655737705;Solar fotovoltaica (padrão)
2015-02;Norte;677514,0;8759,4;991,9924528301888;25,614814814814817;1,29375;Hidrelétrica / PCH
2015-03;Sudeste;5573471,0;17037,6;947,678;23,332673267326733;1,628282828282828;Solar fotovoltaica (padrão)
2015-03;Nordeste;2213527,0;14223,8;977,6056910569106;25,98617886178862;2,0352459016393443;Hidrelétrica / PCH
2015-03;Centro-Oeste;828374,0;10434,2;954,2514285714286;24,239436619718308;1,2971014492753623;Solar fotovoltaica (padrão)
2015-03;Norte;680311,0;13205,2;991,709433962264;25,496226415094338;1,1;Hidrelétrica / PCH
2015-03;Sul;1802427,0;7218,6;954,383870967742;21,863636363636363;1,857377049180328;Solar fotovoltaica (padrão)
2015-04;Sul;1724335,0;5100,0;954,111475409836;19,6921875;1,8483333333333332;Solar fotovoltaica (padrão)
2015-04;Centro-Oeste;841785,0;8557,4;955,2969696969697;24,248529411764707;1,1893939393939394;Solar fotovoltaica (padrão)
2015-04;Nordeste;2232375,0;12433,8;977,375;25,894166666666667;1,9084033613445377;Hidrelétrica / PCH
2015-04;Norte;675513,0;9733,8;992,4981132075472;25,767924528301887;1,046938775510204;Hidrelétrica / PCH
2015-04;Sudeste;5415655,0;7172,4;949,080808080808;22,482828282828283;1,5989795918367349;Solar fotovoltaica (padrão)
2015-05;Nordeste;2218162,0;8821,2;979,0546875;25,045736434108527;2,13968253968254;Hidrelétrica / PCH
2015-05;Norte;679533,0;7273,6;991,5396226415094;25,76607142857143;1,0791666666666668;Hidrelétrica / PCH
2015-05;Centro-Oeste;878861,0;5178,6;957,4385714285714;22,59285714285714;1,387142857142857;Solar fotovoltaica (padrão)
2015-05;Sudeste;5176493,0;7069,8;950,8679611650484;20,06285714285714;1,6823529411764706;Solar fotovoltaica (padrão)
2015-05;Sul;1588736,0;6921,8;956,485;17,057142857142857;1,946551724137931;Solar fotovoltaica (padrão)
2015-06;Nordeste;2120820,0;9966,2;980,9447154471544;24,1109375;2,265833333333333;Hidrelétrica / PCH
2015-06;Centro-Oeste;850268,0;962,0;956,5777777777778;22,077611940298507;1,5555555555555556;Solar fotovoltaica (padrão)
2015-06;Sul;1593710,0;5866,8;958,8016393442624;15,655555555555557;2,003448275862069;Solar fotovoltaica (padrão)
2015-06;Norte;695205,0;3083,8;992,5943396226417;25,791071428571428;1,208;Hidrelétrica / PCH
2015-06;Sudeste;4852845,0;3251,6;952,847572815534;19,36509433962264;1,8352941176470587;Solar fotovoltaica (padrão)
2015-07;Norte;746477,0;2173,8;991,6234042553192;25,912;1,318181818181818;Hidrelétrica / PCH
2015-07;Sudeste;4913722,0;3036,0;952,311320754717;19,63619047619048;1,8066666666666664;Solar fotovoltaica (padrão)
2015-07;Centro-Oeste;819639,0;2148,4;953,427868852459;22,1469696969697;1,596666666666667;Solar fotovoltaica (padrão)
2015-07;Sul;1605688,0;11491,0;962,5877192982456;15,338709677419354;1,994339622641509;Solar fotovoltaica (padrão)
2015-07;Nordeste;2025226,0;9180,6;982,2558333333332;23,86929133858268;2,3680672268907563;Hidrelétrica / PCH
2015-08;Nordeste;2000513,0;3511,6;980,7421875;24,406976744186046;2,630708661417323;Hidrelétrica / PCH
2015-08;Norte;763948,0;1210,0;993,47;27,05471698113208;1,3787234042553191;Hidrelétrica / PCH
2015-08;Centro-Oeste;846311,0;610,4;955,0171875;24,263768115942028;1,7761904761904763;Solar fotovoltaica (padrão)
2015-08;Sul;1621249,0;2716,0;956,4606557377048;19,003076923076925;2,4389830508474577;Solar fotovoltaica (padrão)
2015-08;Sudeste;5080894,0;1547,8;951,3881188118812;20,468571428571423;2,001;Solar fotovoltaica (padrão)
2015-09;Nordeste;2086557,0;2441,0;979,9681818181818;26,049640287769783;2,752307692307693;Hidrelétrica / PCH
2015-09;Sul;1557532,0;8865,4;952,9631578947368;18,39016393442623;2,230769230769231;Solar fotovoltaica (padrão)
2015-09;Norte;820516,0;1114,2;994,3384615384616;28,089473684210525;1,5;Hidrelétrica / PCH
2015-09;Sudeste;5030736,0;8582,2;947,6442307692308;23,062616822429906;2,0519607843137257;Solar fotovoltaica (padrão)
2015-09;Centro-Oeste;941162,0;4656,8;953,7223880597016;26,24927536231884;1,740909090909091;Solar fotovoltaica (padrão)
2015-10;Sul;1611874,0;13530,4;954,3015384615384;19,737313432835823;2,4803278688524597;Solar fotovoltaica (padrão)
2015-10;Centro-Oeste;1008380,0;6277,4;953,6464788732394;26,749295774647887;1,8428571428571427;Solar fotovoltaica (padrão)
2015-10;Sudeste;5465728,0;6884,6;947,2971428571428;24,566981132075476;2,395145631067961;Solar fotovoltaica (padrão)
2015-10;Norte;884653,0;2791,0;992,6285714285714;28,308196721311475;1,5566037735849056;Hidrelétrica / PCH
2015-10;Nordeste;2162718,0;3886,8;978,896992481203;26,993984962406014;2,929007633587786;Hidrelétrica / PCH
2015-11;Sul;1612892,0;12711,0;952,2147540983608;20,365625;2,3421052631578947;Solar fotovoltaica (padrão)
2015-11;Norte;872136,0;5451,6;990,1396551724138;27,69833333333333;1,5;Hidrelétrica / PCH
2015-11;Sudeste;5457842,0;18554,4;945,9941176470588;24,550943396226412;2,003;Solar fotovoltaica (padrão)
2015-11;Centro-Oeste;995736,0;11785,2;952,1763888888888;25,78421052631579;1,6323943661971831;Solar fotovoltaica (padrão)
2015-11;Nordeste;2193135,0;4341,4;976,390076335878;27,61481481481481;2,73359375;Hidrelétrica / PCH
2015-12;Sul;1603341,0;15062,8;952,2064516129032;22,426984126984127;2,159322033898305;Solar fotovoltaica (padrão)
2015-12;Norte;851295,0;7380,2;990,688524590164;27,304761904761907;1,4842105263157894;Hidrelétrica / PCH
2015-12;Nordeste;2317043,0;6579,2;976,93828125;27,63587786259542;2,7547619047619047;Hidrelétrica / PCH
2015-12;Sudeste;5383171,0;16474,2;948,8792452830188;24,80654205607477;1,9625;Solar fotovoltaica (padrão)
2015-12;Centro-Oeste;928685,0;10602,0;952,7144927536232;25,68378378378378;1,5637681159420291;Solar fotovoltaica (padrão)
